<?xml version="1.0" encoding="UTF-8"?>

<mule xmlns:json="http://www.mulesoft.org/schema/mule/json" xmlns:tracking="http://www.mulesoft.org/schema/mule/ee/tracking" xmlns:linkedin="http://www.mulesoft.org/schema/mule/linkedin" xmlns:http="http://www.mulesoft.org/schema/mule/http" xmlns="http://www.mulesoft.org/schema/mule/core" xmlns:doc="http://www.mulesoft.org/schema/mule/documentation"
	xmlns:spring="http://www.springframework.org/schema/beans" version="EE-3.4.1"
	xmlns:xsi="http://www.w3.org/2001/XMLSchema-instance"
	xsi:schemaLocation="http://www.springframework.org/schema/beans http://www.springframework.org/schema/beans/spring-beans-current.xsd
http://www.mulesoft.org/schema/mule/core http://www.mulesoft.org/schema/mule/core/current/mule.xsd
http://www.mulesoft.org/schema/mule/linkedin http://www.mulesoft.org/schema/mule/linkedin/1.0/mule-linkedin.xsd
http://www.mulesoft.org/schema/mule/http http://www.mulesoft.org/schema/mule/http/current/mule-http.xsd
http://www.mulesoft.org/schema/mule/json http://www.mulesoft.org/schema/mule/json/current/mule-json.xsd
http://www.mulesoft.org/schema/mule/ee/tracking http://www.mulesoft.org/schema/mule/ee/tracking/current/mule-tracking-ee.xsd">
    <linkedin:config name="LinkedIn" apiKey="${linkedin.apikey}" apiSecret="${linkedin.apisecret}" scope="r_fullprofile r_emailaddress rw_nus r_network w_messages rw_groups rw_company_admin r_contactinfo" doc:name="LinkedIn">
        <linkedin:oauth-callback-config domain="localhost" localPort="8081" remotePort="8081" path="callback"/>
    </linkedin:config>
    <flow name="Authorize" doc:name="Authorize">
        <http:inbound-endpoint exchange-pattern="request-response" host="localhost" port="8081" path="auth" doc:name="HTTP"/>
        <linkedin:authorize config-ref="LinkedIn" doc:name="LinkedIn"/>
    </flow>
    <flow name="getProfileByurl" doc:name="getProfileByurl">
        <http:inbound-endpoint exchange-pattern="request-response" host="localhost" port="8081" path="url" doc:name="HTTP"/>
        <linkedin:get-profile-by-url config-ref="LinkedIn" url="" profileType="PUBLIC" doc:name="LinkedIn">
            <linkedin:profile-fields>
                <linkedin:profile-field>LAST_NAME</linkedin:profile-field>
                <linkedin:profile-field>FIRST_NAME</linkedin:profile-field>
            </linkedin:profile-fields>
        </linkedin:get-profile-by-url>
        <json:object-to-json-transformer doc:name="Object to JSON"/>
    </flow>
    <flow name="postShare" doc:name="postShare">
        <http:inbound-endpoint exchange-pattern="request-response" host="localhost" port="8081" path="postshare" doc:name="HTTP"/>
        <linkedin:post-share config-ref="LinkedIn" commentText="Post Share Works!!" imageUrl="http://www.google.co.in/imgres?client=firefox-a&amp;hs=MwF&amp;sa=X&amp;rls=org.mozilla:en-US:official&amp;biw=1366&amp;bih=664&amp;tbm=isch&amp;tbnid=fDAEC_C4d6n-KM:&amp;imgrefurl=http://blogs.mulesoft.org/announcing-mule-ion-ipaas/&amp;docid=c-Sm48v30IPPcM&amp;imgurl=http://blogs.mulesoft.org/wp-content/uploads/2011/08/MuleSoft-iON-Diagram-R7.png&amp;w=600&amp;h=450&amp;ei=byqTUoT9IIrJrAeQ24HQCg&amp;zoom=1" title="Post Share" url="https://developer.linkedin.com/documents/share-api" visibility="CONNECTIONS_ONLY" doc:name="LinkedIn" description="Test post share."/>
    </flow>
</mule>
